sample_id,true_behavior,lstm_behavior,behavior_confidence,Inactive_probability,Low_Movement_probability,Normal_Movement_probability,Restless_Movement_probability,Sudden_Movement_probability
34,Normal_Movement,Inactive,0.6007588,0.6007588,0.04341625,0.33335453,0.0048020566,0.017668374
49,Normal_Movement,Inactive,0.5458676,0.5458676,0.034229424,0.39621094,0.005491213,0.018200766
54,Normal_Movement,Inactive,0.60928196,0.60928196,0.03520514,0.33421955,0.004938974,0.01635433
59,Normal_Movement,Inactive,0.64469457,0.64469457,0.032944713,0.302331,0.004512211,0.015517503
69,Normal_Movement,Inactive,0.5991477,0.5991477,0.033044405,0.33583492,0.007657137,0.024315866
79,Normal_Movement,Inactive,0.669515,0.669515,0.034604214,0.27801743,0.004076554,0.013786833
84,Normal_Movement,Inactive,0.68565637,0.68565637,0.03567418,0.26611936,0.002808969,0.009741085
94,Normal_Movement,Inactive,0.6937715,0.6937715,0.03574686,0.25962248,0.0024247745,0.008434374
104,Inactive,Inactive,0.7046533,0.7046533,0.035914022,0.24942145,0.002221472,0.0077897944
149,Normal_Movement,Normal_Movement,0.44673464,0.20717508,0.03614877,0.44673464,0.053016655,0.25692484
289,Sudden_Movement,Sudden_Movement,0.43944445,0.006060329,0.0049326452,0.3058522,0.2437103,0.43944445
304,Restless_Movement,Normal_Movement,0.5046262,0.0040781004,0.010273119,0.5046262,0.4125747,0.06844797
329,Normal_Movement,Normal_Movement,0.6193642,0.008491934,0.009318636,0.6193642,0.18117867,0.18164654
374,Restless_Movement,Restless_Movement,0.8495458,0.00202545,0.0029911324,0.08154712,0.8495458,0.06389053
389,Normal_Movement,Restless_Movement,0.83543134,0.0020893184,0.0028977215,0.10536699,0.83543134,0.05421461
404,Restless_Movement,Restless_Movement,0.6222072,0.0036566167,0.006962624,0.33252102,0.6222072,0.034652527
419,Normal_Movement,Normal_Movement,0.8784394,0.0010461847,0.0045146015,0.8784394,0.11009409,0.0059057344
449,Normal_Movement,Normal_Movement,0.87317675,0.0024671608,0.006941769,0.87317675,0.09854618,0.018868111
504,Restless_Movement,Restless_Movement,0.6249802,0.0032962565,0.00690394,0.26602876,0.6249802,0.09879089
519,Restless_Movement,Restless_Movement,0.8033671,0.0026926135,0.0033415211,0.099905305,0.8033671,0.09069348
529,Restless_Movement,Normal_Movement,0.99588096,0.00033537147,0.0022502474,0.99588096,0.0013651142,0.00016840281
549,Sudden_Movement,Normal_Movement,0.9971727,0.0002811516,0.0015188863,0.9971727,0.0004852456,0.0005418848
564,Sudden_Movement,Sudden_Movement,0.85278904,0.0005119423,0.00042258512,0.03162762,0.11464876,0.85278904
614,Sudden_Movement,Sudden_Movement,0.86735696,0.0009294999,0.00074317097,0.044921387,0.08604901,0.86735696
624,Normal_Movement,Sudden_Movement,0.8327085,0.0025774967,0.0018673337,0.0641827,0.09866405,0.8327085
644,Sudden_Movement,Sudden_Movement,0.81376386,0.0011491565,0.000810529,0.047396265,0.13688017,0.81376386
654,Restless_Movement,Sudden_Movement,0.7836712,0.0011223961,0.0007166289,0.05704559,0.15744418,0.7836712
664,Restless_Movement,Sudden_Movement,0.7537443,0.0018523531,0.0010878306,0.068147115,0.17516848,0.7537443
694,Normal_Movement,Restless_Movement,0.8216763,0.0023133107,0.0037925087,0.07326844,0.8216763,0.09894943
709,Normal_Movement,Normal_Movement,0.979957,0.00046487307,0.0012952707,0.979957,0.01643858,0.0018442651
734,Normal_Movement,Normal_Movement,0.9987577,0.00021255013,0.00080934085,0.9987577,0.00014976264,7.0635804e-05
754,Sudden_Movement,Sudden_Movement,0.8258031,0.0015612683,0.0015251933,0.11377704,0.057333294,0.8258031
764,Sudden_Movement,Sudden_Movement,0.89501387,0.00064409536,0.0004623075,0.059394732,0.04448496,0.89501387
784,Normal_Movement,Normal_Movement,0.98553,0.00038838442,0.005216617,0.98553,0.005025369,0.0038396455
814,Normal_Movement,Normal_Movement,0.9986449,4.4781496e-05,0.0010080982,0.9986449,0.00013785595,0.00016439971
824,Normal_Movement,Normal_Movement,0.9988865,3.7813643e-05,0.00082587666,0.9988865,0.00012810528,0.00012160047
854,Normal_Movement,Normal_Movement,0.9991504,5.295194e-05,0.0007531205,0.9991504,2.2749602e-05,2.077892e-05
869,Normal_Movement,Normal_Movement,0.99948597,5.2714728e-05,0.00037933077,0.99948597,4.2275075e-05,3.9644092e-05
909,Normal_Movement,Normal_Movement,0.9992224,6.08163e-05,0.0006711261,0.9992224,2.6370915e-05,1.927914e-05
924,Normal_Movement,Normal_Movement,0.99860686,0.00010881887,0.0012158515,0.99860686,3.5524063e-05,3.2942928e-05
929,Normal_Movement,Normal_Movement,0.99805874,0.00013494308,0.0017249627,0.99805874,3.9405473e-05,4.2012045e-05
944,Normal_Movement,Normal_Movement,0.99870753,0.000109363165,0.0011244311,0.99870753,3.468467e-05,2.398242e-05
954,Normal_Movement,Normal_Movement,0.9985178,0.00010986565,0.0013211583,0.9985178,2.81154e-05,2.3107235e-05
999,Normal_Movement,Normal_Movement,0.9979596,0.00015463894,0.0018157086,0.9979596,2.9835775e-05,4.0220322e-05
1014,Normal_Movement,Normal_Movement,0.99813014,0.00012544644,0.0016846994,0.99813014,2.4873585e-05,3.4770295e-05
1024,Normal_Movement,Normal_Movement,0.99816555,0.00012858617,0.0016454046,0.99816555,2.65242e-05,3.4013177e-05
1034,Normal_Movement,Normal_Movement,0.998298,0.00012712071,0.0015224396,0.998298,2.4079638e-05,2.8461853e-05
1044,Normal_Movement,Normal_Movement,0.9984326,0.00010734277,0.0014110899,0.9984326,2.4296873e-05,2.4626874e-05
1064,Normal_Movement,Normal_Movement,0.9991429,4.8656497e-05,0.0007373632,0.9991429,3.7249953e-05,3.381783e-05
1069,Normal_Movement,Normal_Movement,0.99917597,4.8140828e-05,0.000715065,0.99917597,3.1973123e-05,2.8794162e-05
1109,Normal_Movement,Normal_Movement,0.7709483,0.0026174716,0.0062702578,0.7709483,0.058852512,0.1613115
1114,Sudden_Movement,Normal_Movement,0.48851922,0.003921426,0.0037443244,0.48851922,0.15374704,0.35006797
1119,Normal_Movement,Normal_Movement,0.9888969,0.001003384,0.0031893344,0.9888969,0.0027157085,0.0041946783
1134,Normal_Movement,Normal_Movement,0.8874461,0.0060544563,0.086922705,0.8874461,0.008253735,0.011323016
1144,Normal_Movement,Low_Movement,0.6408004,0.10586162,0.6408004,0.2319958,0.012994283,0.00834791
1169,Low_Movement,Low_Movement,0.6760341,0.14307532,0.6760341,0.16720273,0.0059972913,0.007690599
1179,Low_Movement,Low_Movement,0.57342625,0.15746532,0.57342625,0.25235257,0.006773671,0.009982154
1219,Inactive,Low_Movement,0.5436932,0.20906371,0.5436932,0.23790875,0.0037532272,0.0055812
1234,Low_Movement,Low_Movement,0.5355708,0.22030899,0.5355708,0.23501553,0.0037559997,0.0053487048
1249,Inactive,Low_Movement,0.5201285,0.24441752,0.5201285,0.2271537,0.0036160096,0.0046843356
1279,Inactive,Low_Movement,0.43606687,0.2047164,0.43606687,0.34473592,0.0065299803,0.007950786
1284,Inactive,Low_Movement,0.5685088,0.1844221,0.5685088,0.227123,0.011213589,0.008732478
1329,Normal_Movement,Normal_Movement,0.9623462,0.005630497,0.030692207,0.9623462,0.00059567206,0.00073544844
1334,Normal_Movement,Normal_Movement,0.7005744,0.11885072,0.17352107,0.7005744,0.0034087144,0.0036451106
1364,Inactive,Inactive,0.962733,0.962733,0.027538858,0.009640307,4.5850094e-05,4.200657e-05
1379,Normal_Movement,Normal_Movement,0.50189817,0.024776302,0.4477638,0.50189817,0.01715838,0.008403365
1389,Normal_Movement,Normal_Movement,0.941247,0.004528195,0.035767697,0.941247,0.0072942735,0.011162782
1399,Normal_Movement,Normal_Movement,0.96213824,0.0026193915,0.031556237,0.96213824,0.0013763789,0.0023097503
1469,Normal_Movement,Normal_Movement,0.99836224,0.00011983259,0.001461701,0.99836224,2.5887774e-05,3.0329937e-05
1494,Inactive,Low_Movement,0.46353894,0.09074331,0.46353894,0.43849754,0.003686265,0.0035339105
1524,Inactive,Normal_Movement,0.39270487,0.2927952,0.30749303,0.39270487,0.0022741393,0.0047327345
1579,Normal_Movement,Normal_Movement,0.42373976,0.24438609,0.3248625,0.42373976,0.0023647188,0.004646934
1599,Inactive,Inactive,0.6493346,0.6493346,0.20854206,0.13899869,0.0011104853,0.0020142158
1634,Normal_Movement,Normal_Movement,0.9868945,0.002343559,0.010097293,0.9868945,0.00027973833,0.0003849654
1739,Normal_Movement,Normal_Movement,0.9957585,0.00030804367,0.0038032006,0.9957585,6.491701e-05,6.542348e-05
1749,Normal_Movement,Normal_Movement,0.97256225,0.0012611946,0.025754202,0.97256225,0.000231797,0.00019053249
1759,Normal_Movement,Normal_Movement,0.9671815,0.0012883589,0.030970724,0.9671815,0.00032002377,0.00023927791
1784,Normal_Movement,Normal_Movement,0.77008927,0.043060865,0.16355108,0.77008927,0.0125770755,0.010721664
1824,Inactive,Normal_Movement,0.4827355,0.37187266,0.14241932,0.4827355,0.00089008687,0.0020823218
1874,Inactive,Normal_Movement,0.52469754,0.2731442,0.19880643,0.52469754,0.00088329404,0.002468476
1904,Inactive,Normal_Movement,0.43846136,0.3827224,0.17567132,0.43846136,0.00083912443,0.0023057358
1914,Low_Movement,Inactive,0.42923096,0.42923096,0.38526914,0.1793594,0.002095074,0.0040454357
1929,Low_Movement,Low_Movement,0.39172456,0.38833916,0.39172456,0.21320769,0.0021330267,0.0045955754
1939,Inactive,Normal_Movement,0.3670574,0.28681645,0.3402087,0.3670574,0.0017299582,0.0041875164
1944,Inactive,Normal_Movement,0.44406348,0.21085902,0.3403532,0.44406348,0.001222391,0.0035019135
1979,Normal_Movement,Normal_Movement,0.94461006,0.019454896,0.031898797,0.94461006,0.0010059028,0.0030303788
1989,Inactive,Inactive,0.4330749,0.4330749,0.20621312,0.35505867,0.0017574434,0.0038958564
2029,Normal_Movement,Normal_Movement,0.62620986,0.008646237,0.02689404,0.62620986,0.059780892,0.278469
2039,Normal_Movement,Normal_Movement,0.7530043,0.028137833,0.10339864,0.7530043,0.03397695,0.08148221
2074,Normal_Movement,Normal_Movement,0.99756193,0.00012447922,0.0020670642,0.99756193,8.055146e-05,0.00016588061
2089,Sudden_Movement,Sudden_Movement,0.830837,0.0008307502,0.0008894477,0.10398852,0.06345423,0.830837
2109,Normal_Movement,Sudden_Movement,0.62193847,0.0016071585,0.003071528,0.26148525,0.11189764,0.62193847
2114,Normal_Movement,Normal_Movement,0.7972367,0.0013794074,0.0074717663,0.7972367,0.065664746,0.12824738
2134,Normal_Movement,Normal_Movement,0.9965676,0.00014796904,0.002165887,0.9965676,0.00043558818,0.0006828786
2149,Normal_Movement,Normal_Movement,0.9914757,0.00020277938,0.004593348,0.9914757,0.0018612272,0.001866965
2164,Normal_Movement,Normal_Movement,0.9746122,0.000497307,0.0062642293,0.9746122,0.006216785,0.012409386
2184,Normal_Movement,Normal_Movement,0.8681629,0.0008125756,0.006348992,0.8681629,0.056163087,0.068512514
2189,Normal_Movement,Normal_Movement,0.87033445,0.0011575164,0.008235108,0.87033445,0.0593847,0.06088822
2214,Normal_Movement,Normal_Movement,0.94537336,0.0005387522,0.0036575613,0.94537336,0.027244894,0.023185417
2294,Inactive,Low_Movement,0.7466182,0.17852037,0.7466182,0.06859935,0.0031024297,0.003159629
2359,Normal_Movement,Normal_Movement,0.90299743,0.0020696414,0.09436848,0.90299743,0.00022027217,0.00034410387
2369,Normal_Movement,Normal_Movement,0.9865891,0.00015556079,0.0022206963,0.9865891,0.0069819633,0.0040526986
2414,Normal_Movement,Normal_Movement,0.99861825,0.00015514692,0.00069499965,0.99861825,0.00041432562,0.00011722837
2449,Normal_Movement,Normal_Movement,0.9982729,0.0001772025,0.00088025833,0.9982729,0.00050377706,0.00016590577
2509,Normal_Movement,Normal_Movement,0.9928087,0.0008603862,0.0048765866,0.9928087,0.0010171761,0.0004371525
2544,Normal_Movement,Restless_Movement,0.7398178,0.0010465066,0.0021695208,0.10811524,0.7398178,0.14885092
2605,Sudden_Movement,Sudden_Movement,0.89479154,0.0005879191,0.0005714753,0.042891204,0.061157797,0.89479154
2620,Sudden_Movement,Sudden_Movement,0.6593439,0.0019154936,0.0017626481,0.04667628,0.29030174,0.6593439
2660,Normal_Movement,Normal_Movement,0.9990951,4.7812002e-05,0.00079429836,0.9990951,2.9760566e-05,3.307639e-05
2665,Normal_Movement,Normal_Movement,0.99926525,2.6734566e-05,0.0006204398,0.99926525,4.0956296e-05,4.6615023e-05
2715,Normal_Movement,Normal_Movement,0.97922784,0.00024569465,0.0045498707,0.97922784,0.006061969,0.009914683
2725,Normal_Movement,Normal_Movement,0.96123815,0.00033173402,0.0058512976,0.96123815,0.0121190725,0.02045975
2740,Normal_Movement,Restless_Movement,0.769213,0.0011028103,0.0023716914,0.07022818,0.769213,0.1570843
2750,Restless_Movement,Restless_Movement,0.6754924,0.0015118986,0.0028322674,0.06707537,0.6754924,0.25308806
2755,Restless_Movement,Restless_Movement,0.7573953,0.0031879519,0.005712607,0.08047418,0.7573953,0.15322985
2770,Normal_Movement,Normal_Movement,0.5972711,0.0018476848,0.0065796375,0.5972711,0.12138257,0.27291906
2775,Normal_Movement,Normal_Movement,0.6782125,0.00235249,0.008885176,0.6782125,0.08754068,0.22300905
2790,Normal_Movement,Normal_Movement,0.7805176,0.0014818521,0.007419308,0.7805176,0.08875402,0.1218273
2800,Normal_Movement,Normal_Movement,0.8111191,0.001558075,0.009648307,0.8111191,0.08024404,0.097430505
2815,Normal_Movement,Normal_Movement,0.64619356,0.0016834596,0.005193321,0.64619356,0.053826954,0.2931027
2835,Inactive,Inactive,0.5394808,0.5394808,0.39559776,0.06225284,0.0013653096,0.0013032614
2860,Normal_Movement,Normal_Movement,0.9990478,5.5468357e-05,0.00086925714,0.9990478,1.5113285e-05,1.2314675e-05
2875,Normal_Movement,Normal_Movement,0.9992926,4.4936958e-05,0.00063826924,0.9992926,1.3827564e-05,1.0346338e-05
2925,Normal_Movement,Normal_Movement,0.6787586,0.0025885156,0.008610116,0.6787586,0.18532029,0.124722496
2945,Normal_Movement,Normal_Movement,0.9968585,0.00020391704,0.0028527535,0.9968585,3.0311818e-05,5.453375e-05
2975,Normal_Movement,Normal_Movement,0.997843,9.793569e-05,0.0016840736,0.997843,0.0001491168,0.00022591029
3010,Normal_Movement,Normal_Movement,0.998304,9.2279784e-05,0.0015131076,0.998304,3.5664325e-05,5.495934e-05
3020,Normal_Movement,Normal_Movement,0.9981231,0.000101897356,0.0017218213,0.9981231,2.0637584e-05,3.260207e-05
3035,Low_Movement,Normal_Movement,0.81645405,0.0130790705,0.14508358,0.81645405,0.014551049,0.010832279
3050,Low_Movement,Low_Movement,0.5368107,0.28467593,0.5368107,0.17291337,0.0024337117,0.003166265
3065,Low_Movement,Low_Movement,0.46686858,0.35242066,0.46686858,0.17361976,0.0038492712,0.0032417206
3095,Normal_Movement,Normal_Movement,0.9387376,0.0022572584,0.01451405,0.9387376,0.030194128,0.014296951
3120,Normal_Movement,Normal_Movement,0.5078477,0.32539403,0.15092935,0.5078477,0.009986791,0.0058420817
3200,Inactive,Normal_Movement,0.44061893,0.3548712,0.18860304,0.44061893,0.009859852,0.0060470225
3245,Low_Movement,Low_Movement,0.41458523,0.10462376,0.41458523,0.40652835,0.028340429,0.04592227
3265,Low_Movement,Inactive,0.6590619,0.6590619,0.27368438,0.061016425,0.003336891,0.0029004486
3275,Inactive,Normal_Movement,0.7619504,0.104670376,0.12944832,0.7619504,0.0010617697,0.0028692274
3290,Normal_Movement,Normal_Movement,0.45999715,0.4575325,0.079297826,0.45999715,0.0008583938,0.002314124
3335,Normal_Movement,Normal_Movement,0.99507624,0.00015185215,0.0019821022,0.99507624,0.002055414,0.00073432486
3365,Normal_Movement,Normal_Movement,0.997431,0.00010251999,0.0011623065,0.997431,0.0008834687,0.00042075786
3410,Inactive,Inactive,0.80422115,0.80422115,0.13859047,0.05532075,0.0010424407,0.0008253
3415,Inactive,Inactive,0.8931221,0.8931221,0.0628545,0.043181445,0.00047873237,0.00036311068
3420,Inactive,Inactive,0.8331421,0.8331421,0.052608624,0.11285597,0.00072152197,0.0006718144
3440,Inactive,Inactive,0.79598784,0.79598784,0.070162706,0.13215943,0.0009910967,0.00069893146
3455,Inactive,Inactive,0.9406965,0.9406965,0.03250072,0.026476756,0.00017251045,0.000153565
3460,Inactive,Inactive,0.94223815,0.94223815,0.030385686,0.027071325,0.00015593451,0.00014885321
3550,Low_Movement,Low_Movement,0.56927556,0.29911754,0.56927556,0.12824617,0.001543583,0.0018170921
3620,Low_Movement,Normal_Movement,0.67021877,0.026698146,0.29528514,0.67021877,0.0035634825,0.004234537
3650,Normal_Movement,Sudden_Movement,0.55939627,0.0013840345,0.0017995829,0.06943007,0.36799002,0.55939627
3665,Normal_Movement,Normal_Movement,0.48180464,0.0012865491,0.006316632,0.48180464,0.39270204,0.1178901
3680,Normal_Movement,Normal_Movement,0.9973654,0.00021758962,0.0016050765,0.9973654,0.00062752987,0.00018440108
3895,Normal_Movement,Normal_Movement,0.99957305,3.519817e-05,0.00030259165,0.99957305,6.4584194e-05,2.463754e-05
3937,Sudden_Movement,Restless_Movement,0.69870573,0.0014546266,0.002791763,0.099969365,0.69870573,0.19707844
3978,Sudden_Movement,Sudden_Movement,0.7504955,0.006980971,0.004147045,0.08535766,0.15301888,0.7504955
4073,Inactive,Inactive,0.49447802,0.49447802,0.23278688,0.17794117,0.023129297,0.07166467
4083,Normal_Movement,Restless_Movement,0.66744024,0.0034041319,0.004994798,0.23458146,0.66744024,0.089579426
4103,Normal_Movement,Normal_Movement,0.99608094,0.00036862996,0.0008406152,0.99608094,0.0023643703,0.00034543665
4138,Normal_Movement,Normal_Movement,0.5757648,0.0017730566,0.012067842,0.5757648,0.30660605,0.10378829
4260,Normal_Movement,Normal_Movement,0.99628437,0.00040702292,0.002812196,0.99628437,0.00030308045,0.0001933935
4265,Normal_Movement,Normal_Movement,0.9984933,0.00016955179,0.0010546456,0.9984933,0.00016044134,0.0001221252
4310,Normal_Movement,Normal_Movement,0.9986803,0.00015330798,0.00089877273,0.9986803,0.00014224488,0.00012533784
4325,Normal_Movement,Normal_Movement,0.9535281,0.0016534915,0.041408688,0.9535281,0.0018947163,0.0015150409
4330,Normal_Movement,Normal_Movement,0.83049417,0.0031884178,0.1626084,0.83049417,0.0019561595,0.00175293
4365,Normal_Movement,Normal_Movement,0.9385161,0.001530759,0.05509991,0.9385161,0.0026693274,0.0021838439
4375,Normal_Movement,Normal_Movement,0.9670398,0.0007106144,0.028290605,0.9670398,0.0018451771,0.0021137786
4409,Normal_Movement,Normal_Movement,0.84888065,0.0048320503,0.13668671,0.84888065,0.0052946643,0.00430592
4419,Normal_Movement,Normal_Movement,0.98533165,0.00058694737,0.005303131,0.98533165,0.004856695,0.0039215954
4434,Normal_Movement,Normal_Movement,0.9948544,0.00030868553,0.004077387,0.9948544,0.00034735087,0.0004122162
4464,Normal_Movement,Normal_Movement,0.8680479,0.0037276172,0.124075286,0.8680479,0.0022146201,0.0019345633
4479,Normal_Movement,Normal_Movement,0.8442459,0.0031667857,0.14978467,0.8442459,0.0014648025,0.0013378076
4489,Normal_Movement,Normal_Movement,0.7948241,0.0047431435,0.19628742,0.7948241,0.0021987285,0.0019465866
4499,Normal_Movement,Normal_Movement,0.7968578,0.004387485,0.19475493,0.7968578,0.0021377564,0.0018621192
4519,Normal_Movement,Normal_Movement,0.8802399,0.0030182174,0.11358552,0.8802399,0.0016495347,0.0015067733
4539,Low_Movement,Normal_Movement,0.73665994,0.0067698797,0.25063887,0.73665994,0.0030879115,0.0028434051
4544,Low_Movement,Normal_Movement,0.7406829,0.0066387793,0.24649908,0.7406829,0.0032403553,0.0029388862
4559,Normal_Movement,Normal_Movement,0.78328705,0.0047637946,0.20738402,0.78328705,0.0024189097,0.0021462042
4594,Low_Movement,Normal_Movement,0.76010865,0.005461939,0.22926646,0.76010865,0.0027176037,0.0024452964
4629,Normal_Movement,Normal_Movement,0.7528659,0.0058531184,0.23504168,0.7528659,0.0032074961,0.003031789
4664,Normal_Movement,Normal_Movement,0.9361057,0.0017277086,0.060029775,0.9361057,0.0011574525,0.0009793219
4669,Normal_Movement,Normal_Movement,0.9511923,0.0010956777,0.045404993,0.9511923,0.0013371321,0.0009698506
4694,Low_Movement,Normal_Movement,0.7285044,0.017876765,0.17843448,0.7285044,0.04279629,0.032388046
4704,Normal_Movement,Normal_Movement,0.54997027,0.0013164977,0.01114677,0.54997027,0.37053457,0.06703188
4749,Normal_Movement,Normal_Movement,0.99964297,3.1653224e-05,0.00026584865,0.99964297,4.8835926e-05,1.0599258e-05
4784,Normal_Movement,Normal_Movement,0.9996859,2.6723665e-05,0.00023081916,0.9996859,4.4628458e-05,1.2000926e-05
4799,Normal_Movement,Normal_Movement,0.9984237,0.00019233614,0.0011474411,0.9984237,0.00020252765,3.3999466e-05
4814,Normal_Movement,Normal_Movement,0.88120824,0.009979929,0.10271857,0.88120824,0.004139331,0.0019539243
4829,Normal_Movement,Normal_Movement,0.99889743,9.151994e-05,0.00066544657,0.99889743,0.00027959514,6.5993496e-05
4874,Normal_Movement,Normal_Movement,0.9981457,0.00045728867,0.0006921061,0.9981457,0.00047741682,0.00022753453
4889,Normal_Movement,Normal_Movement,0.99864465,0.00032404694,0.0004722282,0.99864465,0.00039037745,0.00016867749
4924,Normal_Movement,Normal_Movement,0.99814343,0.00016722771,0.001604997,0.99814343,5.415742e-05,3.0181487e-05
4929,Normal_Movement,Normal_Movement,0.9978981,0.00017567804,0.0018429917,0.9978981,5.021336e-05,3.2955988e-05
4934,Normal_Movement,Normal_Movement,0.9988637,9.804045e-05,0.00089101377,0.9988637,0.00011314593,3.4073342e-05
4944,Normal_Movement,Normal_Movement,0.99905306,8.823021e-05,0.00065424066,0.99905306,0.0001810061,2.347385e-05
4979,Sudden_Movement,Sudden_Movement,0.8776641,0.0013516836,0.0010251761,0.079960465,0.039998606,0.8776641
4989,Sudden_Movement,Sudden_Movement,0.8380546,0.0031259148,0.0026196197,0.10977151,0.0464284,0.8380546
4999,Sudden_Movement,Sudden_Movement,0.78825086,0.0056814407,0.0049410644,0.14815691,0.052969746,0.78825086
5009,Sudden_Movement,Restless_Movement,0.7659389,0.0025269869,0.00412388,0.07301061,0.7659389,0.15439959
5059,Inactive,Normal_Movement,0.38398618,0.19748493,0.34723058,0.38398618,0.022187782,0.049110472
5079,Low_Movement,Low_Movement,0.5121098,0.23877884,0.5121098,0.22592278,0.008561119,0.014627469
5109,Normal_Movement,Normal_Movement,0.8151764,0.026191961,0.14129096,0.8151764,0.0025029192,0.014837722
5134,Normal_Movement,Normal_Movement,0.9975667,0.00011144526,0.0022627597,0.9975667,2.8641227e-05,3.0450941e-05
5179,Normal_Movement,Normal_Movement,0.5329738,0.042016003,0.41286385,0.5329738,0.0064115454,0.00573474
5184,Normal_Movement,Normal_Movement,0.6762863,0.023084406,0.2933033,0.6762863,0.003280441,0.004045633
5219,Inactive,Normal_Movement,0.5565481,0.2684493,0.14757541,0.5565481,0.01566445,0.011762775
5239,Inactive,Inactive,0.40959895,0.40959895,0.20706007,0.3465831,0.011120154,0.025637662
5249,Normal_Movement,Normal_Movement,0.8819461,0.0060229874,0.10439182,0.8819461,0.0028342416,0.004804835
5294,Normal_Movement,Normal_Movement,0.53585684,0.10414818,0.3262219,0.53585684,0.017539004,0.016234051
5299,Normal_Movement,Normal_Movement,0.91333693,0.01700651,0.06276936,0.91333693,0.0036523633,0.003234824
5314,Normal_Movement,Normal_Movement,0.99614966,0.00019381617,0.00353276,0.99614966,5.840322e-05,6.5399145e-05
5319,Normal_Movement,Normal_Movement,0.99633884,0.00014419676,0.003426937,0.99633884,4.415395e-05,4.5833178e-05
5349,Normal_Movement,Normal_Movement,0.99768865,0.00011841022,0.002111616,0.99768865,4.093311e-05,4.0391307e-05
5399,Normal_Movement,Normal_Movement,0.99511105,0.00017099621,0.004606204,0.99511105,5.5254583e-05,5.647058e-05
5404,Normal_Movement,Normal_Movement,0.9961802,0.00012975623,0.0035911973,0.9961802,5.272408e-05,4.6139383e-05
5424,Inactive,Normal_Movement,0.72599286,0.22474301,0.043831643,0.72599286,0.0030876223,0.002344859
5439,Inactive,Inactive,0.8966326,0.8966326,0.036974523,0.06467214,0.00076524087,0.0009554717
5584,Normal_Movement,Normal_Movement,0.97835016,0.0010839716,0.009417139,0.97835016,0.007117584,0.0040310975
5594,Normal_Movement,Normal_Movement,0.88079226,0.0080657285,0.10840394,0.88079226,0.0010514748,0.001686674
5669,Low_Movement,Normal_Movement,0.85560584,0.03924713,0.06316373,0.85560584,0.015768975,0.02621429
5674,Normal_Movement,Normal_Movement,0.971229,0.004417205,0.020025399,0.971229,0.0020513823,0.0022770462
5739,Inactive,Normal_Movement,0.6458346,0.15286121,0.15690511,0.6458346,0.018175097,0.026223866
5749,Normal_Movement,Normal_Movement,0.93781877,0.011808267,0.03884469,0.93781877,0.0067529995,0.0047752596
5759,Normal_Movement,Normal_Movement,0.9897217,0.0019342075,0.0054708878,0.9897217,0.0024082104,0.00046495366
5764,Normal_Movement,Normal_Movement,0.9937882,0.0011536517,0.0032179148,0.9937882,0.0015865118,0.0002537722
5784,Normal_Movement,Normal_Movement,0.9951757,0.00097358366,0.0033877539,0.9951757,0.00024341089,0.00021950384
5809,Normal_Movement,Normal_Movement,0.99698263,0.00013069865,0.0028066237,0.99698263,3.6022393e-05,4.3970584e-05
5814,Normal_Movement,Normal_Movement,0.99690896,0.0001256855,0.0028762321,0.99690896,4.2493622e-05,4.659807e-05
5819,Normal_Movement,Normal_Movement,0.9956351,0.00025239232,0.0038894073,0.9956351,9.255185e-05,0.00013051528
5844,Inactive,Inactive,0.98303187,0.98303187,0.010982494,0.00595325,1.6920343e-05,1.5593358e-05
5849,Inactive,Inactive,0.98338175,0.98338175,0.010392086,0.00619424,1.6468708e-05,1.5505053e-05
5854,Inactive,Inactive,0.9836284,0.9836284,0.00995544,0.0063848863,1.578343e-05,1.548565e-05
5874,Inactive,Inactive,0.9830808,0.9830808,0.010580198,0.006306551,1.647386e-05,1.593668e-05
5899,Inactive,Inactive,0.9830261,0.9830261,0.010929419,0.006012798,1.6343487e-05,1.53036e-05
6042,Normal_Movement,Normal_Movement,0.9692123,0.0006438634,0.029279402,0.9692123,0.00039490807,0.00046958393
6087,Normal_Movement,Normal_Movement,0.99098915,0.00044473572,0.007707783,0.99098915,0.00049631746,0.0003620386
6097,Normal_Movement,Normal_Movement,0.9538642,0.003936694,0.035163093,0.9538642,0.0046731704,0.0023627712
6122,Normal_Movement,Normal_Movement,0.997572,0.00010354436,0.0022474541,0.997572,2.9676454e-05,4.73425e-05
6137,Restless_Movement,Normal_Movement,0.76136476,0.0009442704,0.005374893,0.76136476,0.040962584,0.19135346
6147,Normal_Movement,Normal_Movement,0.521433,0.0017483905,0.0037659823,0.521433,0.076126926,0.3969256
6237,Normal_Movement,Normal_Movement,0.8922631,0.00091121596,0.0049556177,0.8922631,0.089086905,0.01278315
6247,Normal_Movement,Normal_Movement,0.98989606,0.00026604743,0.001688323,0.98989606,0.00678231,0.0013672065
6252,Restless_Movement,Normal_Movement,0.9952495,0.00022893978,0.001742128,0.9952495,0.0023282454,0.00045111775
6292,Normal_Movement,Normal_Movement,0.98824036,0.0007681951,0.010642478,0.98824036,0.00013284142,0.00021613989
6337,Normal_Movement,Normal_Movement,0.9961558,0.00019401785,0.003542809,0.9961558,4.9282906e-05,5.8121874e-05
6357,Normal_Movement,Normal_Movement,0.9977118,0.00013445986,0.0020560522,0.9977118,4.9338898e-05,4.833055e-05
6367,Normal_Movement,Normal_Movement,0.9994597,2.9530756e-05,0.00047537664,0.9994597,2.1867136e-05,1.3544854e-05
6387,Normal_Movement,Normal_Movement,0.9995671,3.732901e-05,0.00032660688,0.9995671,5.2240943e-05,1.6723694e-05
6397,Normal_Movement,Normal_Movement,0.99938154,4.3993237e-05,0.0004852628,0.99938154,6.713382e-05,2.2031583e-05
6427,Normal_Movement,Normal_Movement,0.9419289,0.0016054984,0.041673146,0.9419289,0.006997762,0.0077946456
6437,Normal_Movement,Normal_Movement,0.9694914,0.00097369665,0.028549964,0.9694914,0.0003689833,0.00061588286
6442,Normal_Movement,Normal_Movement,0.98936874,0.0003236151,0.010106436,0.98936874,7.960331e-05,0.00012165821
6462,Inactive,Low_Movement,0.4377855,0.40979823,0.4377855,0.1462308,0.0022017835,0.003983701
6477,Inactive,Inactive,0.4416736,0.4416736,0.39309424,0.1588373,0.0023096227,0.004085315
6487,Inactive,Inactive,0.49781328,0.49781328,0.37129432,0.12537716,0.0020942327,0.0034210042
6532,Normal_Movement,Normal_Movement,0.9974738,0.00039833208,0.002008074,0.9974738,4.662189e-05,7.309807e-05
6542,Normal_Movement,Normal_Movement,0.9768251,0.0073924977,0.014410341,0.9768251,0.00029995845,0.0010719642
6607,Low_Movement,Normal_Movement,0.63106185,0.09614942,0.2667029,0.63106185,0.0025124836,0.0035733546
6612,Low_Movement,Low_Movement,0.41031852,0.19244152,0.41031852,0.3900826,0.0028675403,0.0042898017
6622,Normal_Movement,Normal_Movement,0.74348754,0.05923141,0.19210647,0.74348754,0.0020817774,0.0030927856
6637,Normal_Movement,Sudden_Movement,0.6981115,0.0011513341,0.001975916,0.1589649,0.13979639,0.6981115
6687,Normal_Movement,Restless_Movement,0.6199471,0.004106642,0.010234352,0.17205854,0.6199471,0.1936534
6712,Normal_Movement,Normal_Movement,0.9928725,0.00040731102,0.005777519,0.9928725,0.00028155712,0.0006610844
6722,Normal_Movement,Normal_Movement,0.9825932,0.002362105,0.013443782,0.9825932,0.00067265023,0.00092827406
6747,Normal_Movement,Normal_Movement,0.99809355,0.000115954455,0.00158265,0.99809355,8.357409e-05,0.0001242626
6752,Normal_Movement,Normal_Movement,0.99029875,0.0001363502,0.0021059313,0.99029875,0.0025977644,0.004861193
6757,Normal_Movement,Normal_Movement,0.99806565,4.4894456e-05,0.00094544754,0.99806565,0.0005075033,0.00043645
6767,Normal_Movement,Normal_Movement,0.99608266,9.311059e-05,0.001859336,0.99608266,0.0008798344,0.0010850573
6787,Normal_Movement,Sudden_Movement,0.3943418,0.0017220615,0.002415733,0.21396393,0.38755652,0.3943418
6857,Normal_Movement,Normal_Movement,0.48339418,0.0026470502,0.0076202624,0.48339418,0.44420066,0.062137797
6912,Restless_Movement,Sudden_Movement,0.52461934,0.0017447495,0.0031489935,0.06664709,0.40383977,0.52461934
6927,Normal_Movement,Restless_Movement,0.5594907,0.003958518,0.011636519,0.19646432,0.5594907,0.22844996
6932,Sudden_Movement,Restless_Movement,0.62214476,0.005336381,0.012608312,0.12376604,0.62214476,0.23614451
6947,Restless_Movement,Normal_Movement,0.9113226,0.0011736824,0.0072454573,0.9113226,0.06563274,0.014625481
6952,Normal_Movement,Normal_Movement,0.9894224,0.00052947056,0.0050114454,0.9894224,0.0037360552,0.0013005631
6972,Normal_Movement,Normal_Movement,0.9941857,0.00021771244,0.0029348317,0.9941857,0.0018346703,0.000827132
6992,Normal_Movement,Normal_Movement,0.83617514,0.0017971563,0.012222516,0.83617514,0.13365087,0.016154248
7002,Normal_Movement,Normal_Movement,0.7703632,0.004869576,0.2233637,0.7703632,0.00057458784,0.00082889077
7032,Normal_Movement,Normal_Movement,0.98740005,0.0003473751,0.011940502,0.98740005,9.777725e-05,0.0002142794
7082,Normal_Movement,Normal_Movement,0.9970312,0.00017737088,0.0027003498,0.9970312,3.800586e-05,5.312906e-05
7087,Normal_Movement,Normal_Movement,0.9987765,4.717467e-05,0.0011537703,0.9987765,1.1324632e-05,1.1328046e-05
7102,Normal_Movement,Normal_Movement,0.9981918,9.217442e-05,0.0016716938,0.9981918,2.1996984e-05,2.2468688e-05
7167,Normal_Movement,Low_Movement,0.5743471,0.10754206,0.5743471,0.3056611,0.006796477,0.005653205
7202,Normal_Movement,Normal_Movement,0.9994036,5.9580267e-05,0.00047975485,0.9994036,3.6193785e-05,2.082192e-05
7207,Normal_Movement,Normal_Movement,0.99918133,7.048787e-05,0.0006897763,0.99918133,3.1861462e-05,2.6607617e-05
7212,Normal_Movement,Normal_Movement,0.999015,7.053826e-05,0.00082715973,0.999015,4.6714995e-05,4.0586772e-05
7227,Normal_Movement,Normal_Movement,0.9890576,0.00037398833,0.010314324,0.9890576,8.8311885e-05,0.00016581758
7292,Normal_Movement,Normal_Movement,0.90230346,0.00048882014,0.0046825847,0.90230346,0.031989712,0.060535423
7297,Normal_Movement,Normal_Movement,0.9607298,0.0002816238,0.0036337401,0.9607298,0.013164356,0.022190453
7347,Normal_Movement,Normal_Movement,0.9527968,0.009136661,0.017125236,0.9527968,0.013812976,0.007128371
7352,Normal_Movement,Normal_Movement,0.9867568,0.0010245515,0.004141918,0.9867568,0.00620612,0.0018705567
7367,Normal_Movement,Normal_Movement,0.9994367,5.005503e-05,0.00036364957,0.9994367,0.00011395738,3.5645284e-05
7402,Normal_Movement,Normal_Movement,0.9989888,3.6098838e-05,0.0009040233,0.9989888,4.1212967e-05,2.9924908e-05
7432,Restless_Movement,Restless_Movement,0.54307604,0.0015903326,0.0021138056,0.06789603,0.54307604,0.3853238
7457,Inactive,Normal_Movement,0.907511,0.009909173,0.028755445,0.907511,0.015194345,0.03863008
7507,Normal_Movement,Normal_Movement,0.977787,0.0022790134,0.007331668,0.977787,0.006464968,0.0061373105
7607,Normal_Movement,Normal_Movement,0.9788496,0.00071261224,0.019717943,0.9788496,0.00029649658,0.00042331667
7617,Normal_Movement,Normal_Movement,0.9698345,0.0015981328,0.025973314,0.9698345,0.00092097936,0.0016730592
7642,Inactive,Inactive,0.53992414,0.53992414,0.2856278,0.16060227,0.0071881036,0.006657591
7662,Inactive,Normal_Movement,0.47670048,0.31434572,0.20483413,0.47670048,0.00164919,0.002470485
7682,Normal_Movement,Normal_Movement,0.99806696,0.00011984766,0.0017488926,0.99806696,2.681203e-05,3.7496604e-05
7702,Normal_Movement,Normal_Movement,0.9970771,0.00022967758,0.002582502,0.9970771,4.5607914e-05,6.509964e-05
7742,Sudden_Movement,Restless_Movement,0.68744373,0.005736668,0.007139039,0.07617064,0.68744373,0.22350992
7747,Normal_Movement,Restless_Movement,0.58570987,0.007422327,0.009008836,0.09558013,0.58570987,0.30227876
7757,Sudden_Movement,Sudden_Movement,0.44517934,0.0050310306,0.011018326,0.39272252,0.14604872,0.44517934
7767,Normal_Movement,Normal_Movement,0.8083479,0.011982126,0.032005753,0.8083479,0.07099794,0.07666636
7772,Normal_Movement,Normal_Movement,0.9105474,0.006222274,0.044828914,0.9105474,0.029313382,0.00908814
7777,Normal_Movement,Restless_Movement,0.62432307,0.0031163697,0.007677283,0.29205275,0.62432307,0.07283059
7782,Sudden_Movement,Restless_Movement,0.7258078,0.0013460991,0.002927207,0.091050014,0.7258078,0.17886885
7843,Sudden_Movement,Sudden_Movement,0.9091352,0.00051136286,0.0004548837,0.03942127,0.050477277,0.9091352
7894,Low_Movement,Normal_Movement,0.9862175,0.00057478773,0.012796385,0.9862175,0.00012313452,0.00028831433
7909,Normal_Movement,Normal_Movement,0.99869674,0.00012106146,0.0010893899,0.99869674,4.402212e-05,4.877365e-05
7944,Normal_Movement,Normal_Movement,0.98078763,0.001458524,0.01703448,0.98078763,0.00039808927,0.0003212265
7979,Low_Movement,Low_Movement,0.7042753,0.25541073,0.7042753,0.03941346,0.0004994803,0.00040097864
7994,Low_Movement,Low_Movement,0.87476116,0.053353958,0.87476116,0.0706611,0.0006521776,0.00057160907
7999,Low_Movement,Low_Movement,0.6970308,0.018122947,0.6970308,0.28408718,0.00042061193,0.00033850406
8019,Low_Movement,Low_Movement,0.83085763,0.09665758,0.83085763,0.071381025,0.00055457366,0.0005492103
8024,Low_Movement,Normal_Movement,0.80390126,0.034923483,0.15914933,0.80390126,0.00048385438,0.0015421631
8034,Low_Movement,Normal_Movement,0.5443841,0.040584575,0.41243804,0.5443841,0.00080370705,0.0017894713
8039,Low_Movement,Normal_Movement,0.9339129,0.012620935,0.052544873,0.9339129,0.0003204778,0.00060082256
8044,Low_Movement,Normal_Movement,0.9962437,0.00032728093,0.0033106236,0.9962437,4.9448226e-05,6.885434e-05
8069,Inactive,Low_Movement,0.54968864,0.41403493,0.54968864,0.03386771,0.0014033933,0.0010053243
8074,Inactive,Inactive,0.4913662,0.4913662,0.47642142,0.03015871,0.0012094525,0.0008441781
8079,Inactive,Low_Movement,0.5132181,0.45161617,0.5132181,0.032963727,0.0012634498,0.0009385281
8084,Inactive,Low_Movement,0.5804478,0.37778246,0.5804478,0.039085373,0.0015262815,0.0011581111
8094,Low_Movement,Low_Movement,0.71325153,0.24010117,0.71325153,0.04412758,0.0014842843,0.0010354181
8164,Inactive,Inactive,0.97090167,0.97090167,0.022714244,0.0063402965,2.4156703e-05,1.9665691e-05
8199,Normal_Movement,Normal_Movement,0.9973889,0.000113236565,0.0017139147,0.9973889,0.00025182284,0.0005321644
8209,Normal_Movement,Normal_Movement,0.9969656,9.59667e-05,0.0017406716,0.9969656,0.00034919885,0.00084867334
8219,Normal_Movement,Normal_Movement,0.99857473,5.003414e-05,0.0012283188,0.99857473,7.218913e-05,7.467959e-05
8229,Normal_Movement,Normal_Movement,0.9980186,9.329929e-05,0.0017876064,0.9980186,4.686871e-05,5.367715e-05
8269,Normal_Movement,Normal_Movement,0.99921083,6.244212e-05,0.00069638866,0.99921083,1.7493921e-05,1.2875907e-05
8309,Normal_Movement,Normal_Movement,0.99839705,6.949179e-05,0.00093463244,0.99839705,0.00037874372,0.00022012302
8324,Inactive,Normal_Movement,0.9971259,0.0003636294,0.0023772442,0.9971259,6.3469e-05,6.9794994e-05
8379,Normal_Movement,Normal_Movement,0.96617806,0.008767092,0.017666372,0.96617806,0.0020075105,0.005380899
8394,Normal_Movement,Normal_Movement,0.9967539,0.0002729448,0.0028838757,0.9967539,3.505307e-05,5.4269258e-05
8414,Inactive,Low_Movement,0.48819467,0.3898055,0.48819467,0.11757529,0.0020837234,0.0023408046
8424,Inactive,Inactive,0.602985,0.602985,0.36586884,0.03025702,0.00048405753,0.00040509744
8474,Normal_Movement,Normal_Movement,0.99222153,0.0013760878,0.004579022,0.99222153,0.00096454547,0.0008588823
8479,Normal_Movement,Normal_Movement,0.88559186,0.029350651,0.055814747,0.88559186,0.0049708523,0.02427181
8496,Sudden_Movement,Sudden_Movement,0.65366095,0.036290847,0.018636761,0.23919094,0.052220516,0.65366095
8511,Normal_Movement,Normal_Movement,0.72214025,0.03061567,0.054565404,0.72214025,0.020871596,0.1718071
8535,Normal_Movement,Normal_Movement,0.7438208,0.026143227,0.058078505,0.7438208,0.014859521,0.157098
8590,Normal_Movement,Normal_Movement,0.9974148,0.00011707337,0.00194857,0.9974148,0.00027873964,0.00024085205
8615,Normal_Movement,Normal_Movement,0.997758,9.084248e-05,0.0015650522,0.997758,0.00030998795,0.00027625824
8620,Inactive,Normal_Movement,0.99728394,0.0001309348,0.0018531381,0.99728394,0.00036996495,0.0003619107
8720,Inactive,Inactive,0.9368322,0.9368322,0.053150676,0.009859314,8.059885e-05,7.719227e-05
8755,Low_Movement,Normal_Movement,0.9603823,0.004078986,0.033143282,0.9603823,0.0007535488,0.0016419048
8765,Normal_Movement,Low_Movement,0.5369928,0.034938537,0.5369928,0.42199495,0.0030847301,0.002989013
8775,Low_Movement,Low_Movement,0.5402246,0.04121018,0.5402246,0.4147097,0.0015207204,0.002334756
8780,Low_Movement,Normal_Movement,0.7944927,0.02033149,0.16767128,0.7944927,0.00423806,0.013266495
8805,Normal_Movement,Normal_Movement,0.44997054,0.23414198,0.30171812,0.44997054,0.005950431,0.008218947
8835,Low_Movement,Normal_Movement,0.9972971,0.00018705401,0.0017489583,0.9972971,0.000499666,0.00026717444
8840,Low_Movement,Normal_Movement,0.99811506,8.3398976e-05,0.0012806931,0.99811506,0.00035317845,0.00016762933
8925,Normal_Movement,Normal_Movement,0.9979716,9.673981e-05,0.0007967551,0.9979716,0.00076992885,0.00036498607
8935,Normal_Movement,Normal_Movement,0.99908125,5.4957298e-05,0.0006081029,0.99908125,0.00019301278,6.266476e-05
8980,Normal_Movement,Normal_Movement,0.99082947,0.00055780995,0.008387667,0.99082947,0.0001315814,9.345872e-05
8985,Inactive,Normal_Movement,0.7827203,0.018120859,0.19489938,0.7827203,0.002075609,0.002183804
9020,Inactive,Inactive,0.953709,0.953709,0.022355365,0.023681426,0.00011447367,0.00013974497
9030,Inactive,Inactive,0.94479465,0.94479465,0.037143577,0.017849106,0.000110513305,0.00010219211
9035,Inactive,Inactive,0.97824645,0.97824645,0.015545014,0.006173404,1.8184988e-05,1.696591e-05
9050,Inactive,Normal_Movement,0.8903185,0.06376234,0.023901531,0.8903185,0.014470085,0.0075474926
9110,Normal_Movement,Normal_Movement,0.657404,0.013687215,0.32417712,0.657404,0.001953476,0.0027781706
9115,Low_Movement,Low_Movement,0.4900253,0.022865271,0.4900253,0.4827407,0.0018699769,0.0024987548
9135,Low_Movement,Low_Movement,0.7644329,0.119126074,0.7644329,0.11371191,0.0013173852,0.0014116212
9155,Inactive,Inactive,0.809351,0.809351,0.15022422,0.038563777,0.0010761195,0.00078474655
9180,Normal_Movement,Normal_Movement,0.994736,0.00020974177,0.0038384625,0.994736,0.0003579194,0.0008578705
9245,Inactive,Inactive,0.9713866,0.9713866,0.020873757,0.0076904073,2.697412e-05,2.219563e-05
9310,Normal_Movement,Normal_Movement,0.9928611,0.00046985096,0.005837832,0.9928611,0.00025202587,0.0005791994
9315,Normal_Movement,Normal_Movement,0.9953004,0.0001949748,0.003986832,0.9953004,0.00018854997,0.00032922137
9330,Normal_Movement,Normal_Movement,0.9972421,0.00012414096,0.0025443307,0.9972421,3.2181833e-05,5.72283e-05
9400,Normal_Movement,Normal_Movement,0.99897027,0.00029890565,0.0006042617,0.99897027,7.8163546e-05,4.847858e-05
9455,Normal_Movement,Normal_Movement,0.999003,0.00027274035,0.00060370925,0.999003,7.5240816e-05,4.5316232e-05
9465,Normal_Movement,Normal_Movement,0.9980799,0.0004535195,0.0012212838,0.9980799,0.00015870691,8.668929e-05
9496,Normal_Movement,Normal_Movement,0.98621297,0.0057255714,0.0065053743,0.98621297,0.00072422606,0.00083187944
9511,Normal_Movement,Normal_Movement,0.9994412,8.0077545e-05,0.0002802435,0.9994412,0.00015337285,4.5097433e-05
9541,Sudden_Movement,Sudden_Movement,0.8743003,0.0007598145,0.000486869,0.08036231,0.044090804,0.8743003
9556,Sudden_Movement,Sudden_Movement,0.91561687,0.0003976135,0.00033064547,0.035538647,0.048116285,0.91561687
9597,Inactive,Inactive,0.9681399,0.9681399,0.019653069,0.012092028,6.359117e-05,5.1493967e-05
9612,Inactive,Inactive,0.9753112,0.9753112,0.017140316,0.007497189,2.8291099e-05,2.3076853e-05
9662,Normal_Movement,Normal_Movement,0.99913305,2.3999552e-05,0.0005359446,0.99913305,0.00015793774,0.00014910652
9677,Normal_Movement,Normal_Movement,0.99449027,0.00016119926,0.0015822856,0.99449027,0.0024567612,0.0013093995
9727,Normal_Movement,Normal_Movement,0.9978225,0.00010496134,0.0015876578,0.9978225,0.00030700117,0.00017789195
9782,Inactive,Inactive,0.9819933,0.9819933,0.013368652,0.0046136654,1.3113436e-05,1.1191632e-05
9807,Inactive,Inactive,0.98029363,0.98029363,0.014459518,0.005221653,1.4621989e-05,1.04710925e-05
9817,Inactive,Inactive,0.98134375,0.98134375,0.01346592,0.005167727,1.3196149e-05,9.342705e-06
9878,Sudden_Movement,Inactive,0.8927538,0.8927538,0.0731557,0.02880736,0.002074087,0.0032090803
9893,Low_Movement,Low_Movement,0.3502847,0.11355916,0.3502847,0.22420055,0.13415937,0.17779624
9908,Low_Movement,Inactive,0.46482792,0.46482792,0.45250615,0.07776179,0.002434152,0.0024700507
9918,Inactive,Inactive,0.84853005,0.84853005,0.11119032,0.038898088,0.0007963562,0.0005851675
9933,Inactive,Inactive,0.9741566,0.9741566,0.01657646,0.009199244,4.0190935e-05,2.754924e-05
9968,Inactive,Inactive,0.76976126,0.76976126,0.09701839,0.13112038,0.0011439135,0.00095608266
10013,Low_Movement,Low_Movement,0.40221515,0.17998222,0.40221515,0.31825462,0.037368685,0.06217936
10033,Inactive,Restless_Movement,0.33163616,0.14466552,0.084989905,0.20500605,0.33163616,0.23370232
10053,Inactive,Inactive,0.9771325,0.9771325,0.009163029,0.013638173,3.6180252e-05,3.00783e-05
10103,Sudden_Movement,Sudden_Movement,0.8096669,0.0025780024,0.0029020857,0.11444926,0.07040373,0.8096669
10173,Sudden_Movement,Sudden_Movement,0.8560333,0.0018779886,0.0013791058,0.08949655,0.05121299,0.8560333
10198,Sudden_Movement,Sudden_Movement,0.8536683,0.0021154583,0.0015206457,0.09832063,0.04437496,0.8536683
10213,Restless_Movement,Sudden_Movement,0.77269214,0.005423704,0.0045852237,0.16766961,0.049629264,0.77269214
10223,Normal_Movement,Normal_Movement,0.7065778,0.009492418,0.0141655775,0.7065778,0.06119298,0.20857131
10233,Normal_Movement,Normal_Movement,0.91700095,0.008982115,0.010835528,0.91700095,0.034954276,0.028227197
10253,Normal_Movement,Restless_Movement,0.5269515,0.0015822934,0.0048912955,0.40837565,0.5269515,0.058199245
10268,Restless_Movement,Restless_Movement,0.82062393,0.0009214092,0.0012862727,0.043571845,0.82062393,0.13359655
10379,Normal_Movement,Sudden_Movement,0.48544174,0.0069296896,0.005822041,0.34244996,0.15935652,0.48544174
10389,Normal_Movement,Normal_Movement,0.9777631,0.0007938168,0.021218207,0.9777631,0.00014394076,8.091297e-05
10409,Low_Movement,Low_Movement,0.51606816,0.36235568,0.51606816,0.1194692,0.0011383595,0.0009685727
10429,Inactive,Inactive,0.97133034,0.97133034,0.021387441,0.007211808,3.7464084e-05,3.2890195e-05
10454,Normal_Movement,Normal_Movement,0.9927043,0.0004981085,0.006504079,0.9927043,0.00010053353,0.00019302282
10464,Normal_Movement,Normal_Movement,0.9808442,0.0012038763,0.014828345,0.9808442,0.001990492,0.0011331118
10599,Inactive,Inactive,0.9798132,0.9798132,0.013606199,0.006538447,2.1084355e-05,2.1175276e-05
10654,Inactive,Inactive,0.88769186,0.88769186,0.054600853,0.056880232,0.00049775594,0.000329298
10704,Normal_Movement,Normal_Movement,0.99961346,1.6852877e-05,0.00033063447,0.99961346,2.327135e-05,1.577933e-05
10709,Normal_Movement,Normal_Movement,0.9988507,6.2168205e-05,0.0006842238,0.9988507,0.00025427973,0.00014858253
10751,Sudden_Movement,Sudden_Movement,0.85142726,0.002019374,0.0015754498,0.10691075,0.038067114,0.85142726
10756,Normal_Movement,Sudden_Movement,0.8424259,0.0022674731,0.001814313,0.1142984,0.039193917,0.8424259
10781,Sudden_Movement,Sudden_Movement,0.87193936,0.0015428866,0.0011279564,0.09095769,0.03443212,0.87193936
10801,Sudden_Movement,Sudden_Movement,0.8732876,0.0015016545,0.0011188682,0.08971075,0.03438104,0.8732876
10806,Sudden_Movement,Sudden_Movement,0.8709491,0.0015937323,0.001136265,0.09090369,0.03541724,0.8709491
10838,Restless_Movement,Restless_Movement,0.68338907,0.0017644126,0.004024967,0.25183967,0.68338907,0.058981784
10858,Normal_Movement,Restless_Movement,0.8446588,0.001464939,0.0020293668,0.05843054,0.8446588,0.093416385
10885,Restless_Movement,Restless_Movement,0.8593932,0.0017930918,0.0024046015,0.05637543,0.8593932,0.08003363
10955,Normal_Movement,Normal_Movement,0.95581174,0.0038593102,0.037449054,0.95581174,0.0014082153,0.001471662
10960,Normal_Movement,Normal_Movement,0.9630549,0.003037278,0.032316007,0.9630549,0.00074151775,0.00085029454
11010,Normal_Movement,Normal_Movement,0.9987405,9.114325e-05,0.0011355227,0.9987405,1.5639607e-05,1.7211905e-05
11015,Normal_Movement,Normal_Movement,0.99704236,0.0001680587,0.0027301742,0.99704236,2.3629174e-05,3.580357e-05
11045,Normal_Movement,Normal_Movement,0.99786085,0.00012613696,0.0019296581,0.99786085,3.2251155e-05,5.1155206e-05
11055,Normal_Movement,Normal_Movement,0.9975401,0.00015961562,0.002225939,0.9975401,2.7392953e-05,4.698951e-05
11060,Normal_Movement,Normal_Movement,0.9974281,0.0001914042,0.0022884826,0.9974281,3.740091e-05,5.464657e-05
11075,Normal_Movement,Normal_Movement,0.9983833,0.00012322933,0.001423917,0.9983833,3.3792698e-05,3.577303e-05
11080,Normal_Movement,Normal_Movement,0.9981123,0.00013466389,0.0017021772,0.9981123,2.2433713e-05,2.8425178e-05
11085,Normal_Movement,Normal_Movement,0.99841833,0.000117686075,0.001413637,0.99841833,2.2829874e-05,2.7529208e-05
11100,Normal_Movement,Normal_Movement,0.99949336,2.9000936e-05,0.00037126793,0.99949336,6.201221e-05,4.4447435e-05
11145,Normal_Movement,Normal_Movement,0.9960537,0.00025682471,0.0035893084,0.9960537,4.3285723e-05,5.6881083e-05
11160,Normal_Movement,Normal_Movement,0.9708763,0.01058557,0.015874365,0.9708763,0.0010501493,0.0016136625
11180,Inactive,Inactive,0.9808367,0.9808367,0.013846042,0.0052870656,1.5957447e-05,1.4199536e-05
11211,Sudden_Movement,Sudden_Movement,0.8612007,0.001498273,0.0014881503,0.09262693,0.043185875,0.8612007
11277,Sudden_Movement,Low_Movement,0.75973,0.07054285,0.75973,0.16574097,0.001948816,0.0020373908
11307,Normal_Movement,Normal_Movement,0.99906605,5.5188608e-05,0.00072976114,0.99906605,7.215979e-05,7.689264e-05
11312,Normal_Movement,Normal_Movement,0.9994936,2.7646987e-05,0.0004250112,0.9994936,2.7901931e-05,2.5873844e-05
11322,Normal_Movement,Normal_Movement,0.99893564,4.0417497e-05,0.0007182268,0.99893564,0.00012293973,0.0001827745
11332,Normal_Movement,Normal_Movement,0.9990594,2.7149412e-05,0.00059413916,0.9990594,0.00016144072,0.00015790126
11457,Normal_Movement,Normal_Movement,0.9920196,0.0011452842,0.0038410814,0.9920196,0.001914181,0.0010798967
11472,Normal_Movement,Normal_Movement,0.99217963,0.00028464518,0.0051429663,0.99217963,0.00138536,0.0010073817
11477,Normal_Movement,Normal_Movement,0.9852637,0.00046229182,0.005696828,0.9852637,0.003947835,0.004629408
11517,Inactive,Inactive,0.88774246,0.88774246,0.036185615,0.07459243,0.00090879155,0.0005706481
11522,Inactive,Normal_Movement,0.5316406,0.31355974,0.14530453,0.5316406,0.004295284,0.005199862
11622,Normal_Movement,Inactive,0.406923,0.406923,0.24443726,0.32610106,0.009206916,0.0133317225
11662,Normal_Movement,Normal_Movement,0.99132884,0.0005082595,0.007899304,0.99132884,0.00010248941,0.00016112477
11667,Normal_Movement,Normal_Movement,0.99324644,0.00042005125,0.006088931,0.99324644,9.525358e-05,0.00014937378
11672,Normal_Movement,Normal_Movement,0.9929779,0.00041051666,0.0063771536,0.9929779,8.805136e-05,0.00014628172
11677,Low_Movement,Normal_Movement,0.99040294,0.00048805692,0.008806881,0.99040294,0.000109196655,0.00019297889
11712,Normal_Movement,Normal_Movement,0.9819296,0.00058053166,0.0111087905,0.9819296,0.004087309,0.0022937886
11736,Sudden_Movement,Normal_Movement,0.83847326,0.013339649,0.01350939,0.83847326,0.027389068,0.10728862
11746,Sudden_Movement,Sudden_Movement,0.7696829,0.0015098926,0.0014945706,0.07540285,0.15190984,0.7696829
11751,Sudden_Movement,Inactive,0.27829364,0.27829364,0.12942097,0.24163342,0.1722004,0.17845158
11781,Inactive,Inactive,0.84286153,0.84286153,0.041663367,0.11488482,0.0002821,0.00030821143
11801,Inactive,Inactive,0.9742459,0.9742459,0.015121915,0.010543089,4.591622e-05,4.3185744e-05
11811,Inactive,Inactive,0.982137,0.982137,0.011843264,0.005982456,1.935448e-05,1.789819e-05
11821,Inactive,Inactive,0.97915524,0.97915524,0.013372396,0.0074196253,2.7317095e-05,2.5399808e-05
11871,Inactive,Inactive,0.98337525,0.98337525,0.011202045,0.0053907027,1.6666967e-05,1.5402144e-05
11896,Inactive,Inactive,0.98166347,0.98166347,0.013227613,0.0050792582,1.5604475e-05,1.4002736e-05
11931,Inactive,Inactive,0.98246413,0.98246413,0.012045153,0.0054584094,1.6986976e-05,1.5268937e-05
11951,Inactive,Inactive,0.98150176,0.98150176,0.013201176,0.0052650613,1.6765127e-05,1.5207369e-05
11956,Inactive,Inactive,0.9813198,0.9813198,0.01343186,0.0052166283,1.6651731e-05,1.5085322e-05
12001,Inactive,Inactive,0.9828196,0.9828196,0.011806022,0.005344501,1.5647143e-05,1.4140505e-05
12016,Inactive,Inactive,0.9811855,0.9811855,0.011754312,0.007014657,2.2872051e-05,2.2549839e-05
12041,Inactive,Inactive,0.9824057,0.9824057,0.0124405995,0.005125654,1.4749673e-05,1.3352135e-05
12111,Inactive,Inactive,0.98307365,0.98307365,0.011732164,0.0051659346,1.4638389e-05,1.3639612e-05
12141,Inactive,Inactive,0.9818963,0.9818963,0.012045644,0.0060243476,1.7310516e-05,1.6355823e-05
12146,Inactive,Inactive,0.98250777,0.98250777,0.010875337,0.006575775,2.1486061e-05,1.9512525e-05
12156,Normal_Movement,Inactive,0.89332134,0.89332134,0.039055012,0.06706448,0.00027096272,0.00028813235
12166,Normal_Movement,Normal_Movement,0.7808184,0.07357207,0.14257959,0.7808184,0.0015032958,0.0015266155
12196,Inactive,Inactive,0.9501493,0.9501493,0.022285815,0.027340025,8.204714e-05,0.00014270436
12201,Inactive,Inactive,0.9798886,0.9798886,0.012209153,0.007848444,2.5807254e-05,2.7970025e-05
12211,Inactive,Inactive,0.9822531,0.9822531,0.012330915,0.0053867106,1.5122871e-05,1.4317513e-05
12236,Inactive,Inactive,0.98229754,0.98229754,0.012317298,0.0053566527,1.45941995e-05,1.3870519e-05
12261,Inactive,Inactive,0.9822832,0.9822832,0.012520096,0.005169197,1.4188913e-05,1.3372999e-05
12276,Inactive,Inactive,0.98328686,0.98328686,0.011054114,0.0056272587,1.6580181e-05,1.5205344e-05
12281,Inactive,Inactive,0.98290944,0.98290944,0.011293707,0.00576176,1.810838e-05,1.6955872e-05
12286,Inactive,Inactive,0.9829747,0.9829747,0.010955458,0.006034203,1.867119e-05,1.6998025e-05
12311,Normal_Movement,Normal_Movement,0.9930067,0.00043731477,0.0062210853,0.9930067,0.00011631654,0.00021858116
12321,Normal_Movement,Normal_Movement,0.99790573,0.0001354781,0.0018604825,0.99790573,4.0079965e-05,5.8213704e-05
12331,Normal_Movement,Normal_Movement,0.9968888,0.00019031136,0.0027823485,0.9968888,6.0547736e-05,7.805798e-05
12346,Normal_Movement,Normal_Movement,0.99675035,0.0002036582,0.0029316149,0.99675035,4.8136848e-05,6.630138e-05
12351,Normal_Movement,Normal_Movement,0.9974274,0.0001608734,0.0023029319,0.9974274,5.094049e-05,5.7734975e-05
12412,Normal_Movement,Normal_Movement,0.9909168,0.0009003082,0.0066986047,0.9909168,0.00063088554,0.00085341174
12432,Low_Movement,Normal_Movement,0.97567886,0.0019885167,0.02071485,0.97567886,0.00088501995,0.00073262426
12462,Low_Movement,Inactive,0.7005684,0.7005684,0.15377755,0.14108878,0.0020768126,0.0024884213
12507,Low_Movement,Normal_Movement,0.48073426,0.25910324,0.25168622,0.48073426,0.0029992126,0.005477068
12527,Normal_Movement,Normal_Movement,0.938246,0.0075679943,0.052729648,0.938246,0.0004030499,0.0010532892
12547,Normal_Movement,Normal_Movement,0.99213046,0.00063503033,0.0070327558,0.99213046,0.00010409282,9.771252e-05
12552,Normal_Movement,Normal_Movement,0.98863786,0.0006009017,0.010470622,0.98863786,0.00014370827,0.00014683462
12557,Normal_Movement,Normal_Movement,0.99613523,0.00031786895,0.003381595,0.99613523,9.0758505e-05,7.458559e-05
12577,Normal_Movement,Normal_Movement,0.9738226,0.0020896823,0.023450017,0.9738226,0.00021374595,0.0004239874
12587,Normal_Movement,Normal_Movement,0.9722244,0.0020548266,0.024632499,0.9722244,0.0003742535,0.0007139597
12602,Normal_Movement,Normal_Movement,0.5727942,0.33395958,0.086045936,0.5727942,0.0023113221,0.00488899
12642,Normal_Movement,Normal_Movement,0.90170497,0.019618744,0.036276452,0.90170497,0.012141439,0.030258425
12697,Normal_Movement,Normal_Movement,0.9977035,0.00016607574,0.0020441764,0.9977035,4.2949825e-05,4.3418368e-05
12702,Normal_Movement,Normal_Movement,0.9988174,7.243468e-05,0.0010626937,0.9988174,2.417283e-05,2.3290702e-05
12712,Normal_Movement,Normal_Movement,0.9981103,0.00010061264,0.0017154758,0.9981103,3.3722103e-05,3.9939205e-05
12732,Normal_Movement,Normal_Movement,0.96944505,0.0019182166,0.02698099,0.96944505,0.0008393732,0.0008162832
12757,Low_Movement,Inactive,0.7951494,0.7951494,0.18550079,0.018823856,0.0002791153,0.00024682115
12762,Inactive,Inactive,0.8288794,0.8288794,0.15390353,0.016792767,0.0002247359,0.00019950699
12787,Inactive,Inactive,0.8163166,0.8163166,0.16492805,0.018232973,0.00028120796,0.00024128165
12797,Inactive,Inactive,0.83561754,0.83561754,0.14629203,0.017602736,0.0002573014,0.00023042054
12802,Inactive,Inactive,0.8011985,0.8011985,0.17742497,0.020735359,0.0003454916,0.0002957419
12827,Normal_Movement,Normal_Movement,0.792338,0.0709933,0.12535004,0.792338,0.0033474895,0.007971125
12847,Normal_Movement,Normal_Movement,0.8479435,0.04289088,0.062370863,0.8479435,0.017586125,0.029208733
12922,Inactive,Normal_Movement,0.6612504,0.19966188,0.12344609,0.6612504,0.005146494,0.010495104
13007,Inactive,Inactive,0.67080045,0.67080045,0.22819187,0.09984036,0.00045466673,0.0007126377
13047,Inactive,Inactive,0.52546203,0.52546203,0.22261828,0.24964921,0.0010114225,0.0012590683
13057,Inactive,Inactive,0.75440377,0.75440377,0.13943827,0.10539156,0.00027877916,0.00048749117
13097,Normal_Movement,Normal_Movement,0.9864482,0.0012800802,0.0037946464,0.9864482,0.0067001013,0.0017768694
13112,Normal_Movement,Normal_Movement,0.9943346,0.0010895645,0.0039820895,0.9943346,0.00024342746,0.00035042476
13127,Normal_Movement,Normal_Movement,0.98278296,0.0015180055,0.0035833474,0.98278296,0.009982852,0.0021328893
13137,Normal_Movement,Normal_Movement,0.8894957,0.010177526,0.031246161,0.8894957,0.0523616,0.01671894
13152,Normal_Movement,Normal_Movement,0.9956332,0.00020953392,0.0014402617,0.9956332,0.0022502646,0.00046671907
13162,Normal_Movement,Normal_Movement,0.9396923,0.0005602456,0.0038867842,0.9396923,0.050475724,0.005384884
13187,Sudden_Movement,Sudden_Movement,0.80899364,0.0009698336,0.00097538036,0.055392403,0.13366884,0.80899364
13212,Normal_Movement,Normal_Movement,0.9778551,0.0016504388,0.004309646,0.9778551,0.011827749,0.0043570544
13232,Normal_Movement,Normal_Movement,0.81921256,0.006457259,0.01630554,0.81921256,0.1266074,0.03141727
13279,Restless_Movement,Restless_Movement,0.85200536,0.0014296925,0.0019422789,0.051668003,0.85200536,0.092954665
13299,Sudden_Movement,Sudden_Movement,0.8873985,0.0005621195,0.0004797134,0.03712733,0.074432336,0.8873985
13309,Sudden_Movement,Sudden_Movement,0.736711,0.0026137547,0.002185424,0.055757158,0.20273267,0.736711
13319,Normal_Movement,Normal_Movement,0.99655116,0.00039277098,0.0018590728,0.99655116,0.0008416346,0.00035532142
13324,Normal_Movement,Normal_Movement,0.9948014,0.00038634703,0.003986198,0.9948014,0.0006349063,0.00019121426
13344,Normal_Movement,Normal_Movement,0.96475905,0.009587893,0.022672748,0.96475905,0.0014303027,0.0015499276
13389,Normal_Movement,Normal_Movement,0.9989598,3.542509e-05,0.00071047974,0.9989598,0.00014089711,0.00015339901
13404,Normal_Movement,Normal_Movement,0.9996382,2.3259967e-05,0.00023963542,0.9996382,6.602933e-05,3.2819455e-05
13429,Normal_Movement,Normal_Movement,0.99895394,2.587596e-05,0.00081909355,0.99895394,0.0001273731,7.363246e-05
13439,Normal_Movement,Normal_Movement,0.9986506,3.5545687e-05,0.00103762,0.9986506,0.00014813004,0.00012809518
13444,Normal_Movement,Normal_Movement,0.99493104,0.000182706,0.0031916585,0.99493104,0.00087126583,0.0008233331
13464,Normal_Movement,Normal_Movement,0.9962585,0.00010058394,0.0023525055,0.9962585,0.0007616781,0.00052667095
13544,Normal_Movement,Normal_Movement,0.99956805,2.7819648e-05,0.00029698948,0.99956805,7.5672506e-05,3.1573643e-05
13554,Normal_Movement,Normal_Movement,0.99789786,0.00010967113,0.0015701081,0.99789786,0.00027737944,0.00014498847
13559,Normal_Movement,Normal_Movement,0.9976521,0.00011951542,0.001692632,0.9976521,0.00035471853,0.0001809608
13584,Low_Movement,Normal_Movement,0.9863012,0.0011511162,0.010580312,0.9863012,0.0011164233,0.00085093535
13589,Low_Movement,Normal_Movement,0.9835708,0.001355468,0.013023851,0.9835708,0.0012163438,0.00083348196
13624,Inactive,Inactive,0.98490775,0.98490775,0.010039082,0.0050253985,1.5151557e-05,1.2725653e-05
13637,Normal_Movement,Inactive,0.9492815,0.9492815,0.009596637,0.04079999,0.00014793647,0.0001739869
13642,Normal_Movement,Normal_Movement,0.5444747,0.42726943,0.024443273,0.5444747,0.0015522382,0.0022604326
13647,Normal_Movement,Normal_Movement,0.9962708,0.0005857519,0.0020603745,0.9962708,0.0007789105,0.00030420188
13717,Normal_Movement,Normal_Movement,0.9963348,0.00027540393,0.0025276912,0.9963348,0.0006309196,0.00023110531
13732,Normal_Movement,Normal_Movement,0.98510575,0.0015689433,0.009615171,0.98510575,0.002515377,0.001194785
13747,Normal_Movement,Normal_Movement,0.9976682,0.00012603386,0.0018050376,0.9976682,0.0002395003,0.0001611821
13757,Normal_Movement,Normal_Movement,0.996506,0.000227402,0.002587057,0.996506,0.00052374107,0.00015584385
13767,Normal_Movement,Normal_Movement,0.9962268,0.00017950046,0.0026585776,0.9962268,0.0006631035,0.00027199852
13772,Normal_Movement,Normal_Movement,0.60722375,0.15309629,0.21187802,0.60722375,0.013137215,0.014664682
13802,Normal_Movement,Normal_Movement,0.9972013,0.0001429166,0.0020045107,0.9972013,0.00038722,0.0002639931
13807,Normal_Movement,Normal_Movement,0.9979067,9.847636e-05,0.0015185599,0.9979067,0.0002887742,0.00018746025
13852,Normal_Movement,Normal_Movement,0.9724831,0.004580495,0.020940434,0.9724831,0.0010470428,0.0009489459
13892,Normal_Movement,Normal_Movement,0.98845625,0.0013956573,0.008573294,0.98845625,0.0008531322,0.0007217201
13922,Normal_Movement,Normal_Movement,0.99917823,9.5214666e-05,0.0005027699,0.99917823,0.00018512584,3.8626153e-05
13962,Normal_Movement,Normal_Movement,0.99390537,0.00018253627,0.0047925953,0.99390537,0.00059648394,0.0005230058
13982,Normal_Movement,Normal_Movement,0.99719524,0.000180561,0.0021430992,0.99719524,0.00032220295,0.00015883488
13987,Normal_Movement,Normal_Movement,0.99878114,5.2563035e-05,0.00095624593,0.99878114,0.0001311545,7.887811e-05
14042,Normal_Movement,Normal_Movement,0.9993981,2.2445887e-05,0.00043843617,0.9993981,6.62793e-05,7.473262e-05
14047,Normal_Movement,Normal_Movement,0.9992454,2.9957153e-05,0.00054378924,0.9992454,9.430389e-05,8.6561304e-05
14057,Normal_Movement,Normal_Movement,0.9993679,2.5319232e-05,0.00045891173,0.9993679,7.720586e-05,7.068806e-05
14062,Normal_Movement,Normal_Movement,0.99921215,3.4181034e-05,0.0005429384,0.99921215,0.00011076894,9.991872e-05
14167,Sudden_Movement,Sudden_Movement,0.87840724,0.00077785907,0.0007870511,0.048183434,0.07184452,0.87840724
14182,Normal_Movement,Normal_Movement,0.5462019,0.005227956,0.0217474,0.5462019,0.12269369,0.30412903
14187,Low_Movement,Normal_Movement,0.83523,0.02404591,0.059690762,0.83523,0.03166717,0.049366176
14237,Normal_Movement,Normal_Movement,0.999464,5.6794244e-05,0.00036339118,0.999464,8.907866e-05,2.6774895e-05
14307,Normal_Movement,Inactive,0.95840275,0.95840275,0.007245181,0.034142416,9.095651e-05,0.00011873695
14332,Normal_Movement,Normal_Movement,0.9949798,0.0015196159,0.002197531,0.9949798,0.0005353222,0.00076771807
14402,Normal_Movement,Normal_Movement,0.9537909,0.0038681005,0.040456854,0.9537909,0.0009518893,0.0009322051
14407,Normal_Movement,Normal_Movement,0.80936193,0.042216282,0.14333382,0.80936193,0.0018038406,0.0032841752
14417,Low_Movement,Normal_Movement,0.72741264,0.09121223,0.1772893,0.72741264,0.0014367773,0.0026490455
14502,Normal_Movement,Normal_Movement,0.8791213,0.029376233,0.08649478,0.8791213,0.003941554,0.0010661193
14507,Normal_Movement,Low_Movement,0.55020213,0.2114916,0.55020213,0.22424826,0.007861981,0.006196061
14547,Inactive,Inactive,0.9503404,0.9503404,0.03652945,0.013003382,6.046367e-05,6.642275e-05
14557,Inactive,Inactive,0.98308325,0.98308325,0.011788519,0.0050996337,1.5181681e-05,1.3454059e-05
14612,Inactive,Inactive,0.98337525,0.98337525,0.011635893,0.004963762,1.3493822e-05,1.156912e-05
14647,Normal_Movement,Inactive,0.8949748,0.8949748,0.052548204,0.052101333,0.00014524769,0.00023046014
14652,Normal_Movement,Normal_Movement,0.4243179,0.3686226,0.20382826,0.4243179,0.0013920856,0.0018391168
14682,Inactive,Inactive,0.9815321,0.9815321,0.012767786,0.0056697745,1.5795216e-05,1.4585108e-05
14697,Inactive,Inactive,0.98095083,0.98095083,0.013313368,0.00570297,1.7034861e-05,1.5756475e-05
14757,Normal_Movement,Normal_Movement,0.9984383,6.5930835e-05,0.0011311381,0.9984383,0.0002315718,0.00013311702
14767,Normal_Movement,Normal_Movement,0.99597794,0.00019361448,0.003000269,0.99597794,0.00054706004,0.00028119367
14812,Inactive,Inactive,0.96969205,0.96969205,0.011748614,0.01847914,3.4645404e-05,4.5490957e-05
14817,Inactive,Inactive,0.97294116,0.97294116,0.011412474,0.015574519,3.1855252e-05,4.0013863e-05
14827,Inactive,Inactive,0.97968227,0.97968227,0.012700774,0.007576652,2.0282005e-05,1.994963e-05
14847,Normal_Movement,Inactive,0.85558844,0.85558844,0.025138546,0.11905553,0.00010167516,0.00011586524
14857,Normal_Movement,Normal_Movement,0.96159106,0.013301967,0.022270558,0.96159106,0.0014493555,0.0013869967
14877,Normal_Movement,Normal_Movement,0.9992101,3.731817e-05,0.00054747047,0.9992101,0.0001229747,8.2090475e-05
14937,Inactive,Inactive,0.9080165,0.9080165,0.02274356,0.06897767,0.00011016135,0.0001521191
14977,Normal_Movement,Normal_Movement,0.9983038,0.00011935364,0.0009690607,0.9983038,0.00035656214,0.00025124842
14982,Normal_Movement,Normal_Movement,0.998686,9.507732e-05,0.0008015989,0.998686,0.00023085806,0.00018643965
14992,Normal_Movement,Normal_Movement,0.9990515,5.8951962e-05,0.00063724676,0.9990515,0.00013874476,0.00011355044
15052,Normal_Movement,Normal_Movement,0.99891806,2.7135009e-05,0.0007108371,0.99891806,0.00014540588,0.00019868885
15072,Restless_Movement,Normal_Movement,0.99891675,6.7311164e-05,0.0008377516,0.99891675,0.000115413255,6.282694e-05
15082,Sudden_Movement,Normal_Movement,0.9954144,0.00045982562,0.0017992636,0.9954144,0.00090829574,0.0014182368
15102,Normal_Movement,Normal_Movement,0.98611325,0.0027516019,0.006948473,0.98611325,0.0014180401,0.0027685799
15127,Normal_Movement,Normal_Movement,0.98592794,0.0027088488,0.010578547,0.98592794,0.00041078366,0.00037386626
15132,Normal_Movement,Normal_Movement,0.99093,0.001201817,0.006779053,0.99093,0.0005932476,0.000495875
15137,Normal_Movement,Normal_Movement,0.99786514,0.00012229421,0.0014092567,0.99786514,0.00039495956,0.00020841886
15162,Inactive,Inactive,0.9819878,0.9819878,0.011141768,0.0068286816,2.060491e-05,2.1233973e-05
15192,Normal_Movement,Normal_Movement,0.9990879,5.1716448e-05,0.00049831206,0.9990879,0.00025977264,0.00010229657
15202,Normal_Movement,Normal_Movement,0.99894327,7.288733e-05,0.00065321027,0.99894327,0.00022002198,0.00011061131
15222,Normal_Movement,Normal_Movement,0.99794215,0.00012405834,0.0012502581,0.99794215,0.00044966082,0.00023385453
15237,Normal_Movement,Normal_Movement,0.9978302,0.00011298811,0.0014097316,0.9978302,0.00037154712,0.00027547346
